Tags,Frequency
water,71
water-management,21
construction,2
planning,1
diy,2
gardening,6
home,4
greywater,6
animals,1
ponds,3
virtual-water,1
waste,1
recycling,6
water-conservation,6
aquarium,1
balanced-ecosystems,1
heating,3
economics,2
waste-water,6
manufacturing,1
mining,2
seawater,6
energy,9
energy-efficiency,1
firewood,1
vertical-gardening,1
biomass,1
biogas,1
biodiesel,1
pollution,4
algae,1
electricity,5
water-heating,2
pump-capacity,1
statistics,1
food,3
carbon-footprint,1
plastic-alternatives,1
plastic-bottles,1
upcycling,1
apartment,1
pest-management,1
cooling,2
air-conditioning,3
cleaning,3
alternatives,1
reduce,1
solar-power,4
renewables,3
treatment,1
life-cycle-analysis,1
building-materials,1
health,1
wind-power,2
reuse,3
plants,2
water-footprint,3
permaculture,1
boat,1
environmental-impact,2
solar-thermal,2
toilet,1
electricity-generation,2
aquaponics,2
fish,1
plastic,1
housing,1
renting,1
hydroelectricity,1
hydroponics,1
